id,username,avatar
1,Nelda94,https://s3.amazonaws.com/uifaces/faces/twitter/claudioguglieri/128.jpg
2,Nelson.Schoen,https://s3.amazonaws.com/uifaces/faces/twitter/vitor376/128.jpg
3,Jennyfer4,https://s3.amazonaws.com/uifaces/faces/twitter/colirpixoil/128.jpg
4,Nolan91,https://s3.amazonaws.com/uifaces/faces/twitter/sovesove/128.jpg
5,Reed58,https://s3.amazonaws.com/uifaces/faces/twitter/mbilalsiddique1/128.jpg
6,Mireya_Kub,https://s3.amazonaws.com/uifaces/faces/twitter/besbujupi/128.jpg
7,Maye_Gibson85,https://s3.amazonaws.com/uifaces/faces/twitter/elliotlewis/128.jpg
8,Retha.Donnelly,https://s3.amazonaws.com/uifaces/faces/twitter/sreejithexp/128.jpg
9,Dayana39,https://s3.amazonaws.com/uifaces/faces/twitter/bargaorobalo/128.jpg
10,Gabe.Hilpert,https://s3.amazonaws.com/uifaces/faces/twitter/mekal/128.jpg
11,Olaf45,https://s3.amazonaws.com/uifaces/faces/twitter/balakayuriy/128.jpg
12,Deshaun54,https://s3.amazonaws.com/uifaces/faces/twitter/goddardlewis/128.jpg
13,Davion.Kemmer18,https://s3.amazonaws.com/uifaces/faces/twitter/madebyvadim/128.jpg
14,Delmer.Shanahan11,https://s3.amazonaws.com/uifaces/faces/twitter/jagan123/128.jpg
15,Dejuan_Funk38,https://s3.amazonaws.com/uifaces/faces/twitter/dorphern/128.jpg
16,Stevie72,https://s3.amazonaws.com/uifaces/faces/twitter/tgormtx/128.jpg
17,Arlie.Gorczany53,https://s3.amazonaws.com/uifaces/faces/twitter/id835559/128.jpg
18,Gail13,https://s3.amazonaws.com/uifaces/faces/twitter/justme_timothyg/128.jpg
19,Toy_Daniel,https://s3.amazonaws.com/uifaces/faces/twitter/n3dmax/128.jpg
20,Madisen53,https://s3.amazonaws.com/uifaces/faces/twitter/perretmagali/128.jpg
21,Lela51,https://s3.amazonaws.com/uifaces/faces/twitter/Chakintosh/128.jpg
22,Curtis.Powlowski77,https://s3.amazonaws.com/uifaces/faces/twitter/nyancecom/128.jpg
23,Dana.Bergstrom,https://s3.amazonaws.com/uifaces/faces/twitter/jackiesaik/128.jpg
24,Hobart2,https://s3.amazonaws.com/uifaces/faces/twitter/mauriolg/128.jpg
25,Hyman32,https://s3.amazonaws.com/uifaces/faces/twitter/beshur/128.jpg
26,Connor20,https://s3.amazonaws.com/uifaces/faces/twitter/BrianPurkiss/128.jpg
27,Jerrell.Franecki22,https://s3.amazonaws.com/uifaces/faces/twitter/nicoleglynn/128.jpg
28,Drew.McClure79,https://s3.amazonaws.com/uifaces/faces/twitter/colirpixoil/128.jpg
29,Estrella.Adams,https://s3.amazonaws.com/uifaces/faces/twitter/thedjpetersen/128.jpg
30,Gay_Tromp3,https://s3.amazonaws.com/uifaces/faces/twitter/ashocka18/128.jpg
31,Alberto_Boyer,https://s3.amazonaws.com/uifaces/faces/twitter/anatolinicolae/128.jpg
32,Destany_Zulauf,https://s3.amazonaws.com/uifaces/faces/twitter/linux29/128.jpg
33,Helen59,https://s3.amazonaws.com/uifaces/faces/twitter/desastrozo/128.jpg
34,Emmie.Yundt,https://s3.amazonaws.com/uifaces/faces/twitter/jarjan/128.jpg
35,Christiana.Heathcote93,https://s3.amazonaws.com/uifaces/faces/twitter/hermanobrother/128.jpg
36,Donald10,https://s3.amazonaws.com/uifaces/faces/twitter/dutchnadia/128.jpg
37,Cassandre_Herzog,https://s3.amazonaws.com/uifaces/faces/twitter/tgerken/128.jpg
38,Emiliano.Metz13,https://s3.amazonaws.com/uifaces/faces/twitter/mslarkina/128.jpg
39,Casimer.Berge,https://s3.amazonaws.com/uifaces/faces/twitter/sawrb/128.jpg
40,Tessie.Wintheiser,https://s3.amazonaws.com/uifaces/faces/twitter/johndezember/128.jpg
41,Rocio3,https://s3.amazonaws.com/uifaces/faces/twitter/michigangraham/128.jpg
42,Kali.Buckridge12,https://s3.amazonaws.com/uifaces/faces/twitter/michaelmartinho/128.jpg
43,Christian_Gerlach13,https://s3.amazonaws.com/uifaces/faces/twitter/elliotlewis/128.jpg
44,Carolanne.Kub1,https://s3.amazonaws.com/uifaces/faces/twitter/garand/128.jpg
45,Demetrius_Emard9,https://s3.amazonaws.com/uifaces/faces/twitter/faisalabid/128.jpg
46,Ron.Hackett,https://s3.amazonaws.com/uifaces/faces/twitter/tobysaxon/128.jpg
47,Richard.Rau5,https://s3.amazonaws.com/uifaces/faces/twitter/linux29/128.jpg
48,Ashlynn63,https://s3.amazonaws.com/uifaces/faces/twitter/kevinoh/128.jpg
49,Lonny14,https://s3.amazonaws.com/uifaces/faces/twitter/sawalazar/128.jpg
50,Fernando_Wisozk,https://s3.amazonaws.com/uifaces/faces/twitter/hai_ninh_nguyen/128.jpg
51,Dayne.Gerhold,https://s3.amazonaws.com/uifaces/faces/twitter/sdidonato/128.jpg
52,Dedric96,https://s3.amazonaws.com/uifaces/faces/twitter/alan_zhang_/128.jpg
53,Kavon.Gislason19,https://s3.amazonaws.com/uifaces/faces/twitter/matthewkay_/128.jpg
54,Jany71,https://s3.amazonaws.com/uifaces/faces/twitter/vocino/128.jpg
55,Antonetta.Stoltenberg,https://s3.amazonaws.com/uifaces/faces/twitter/anoff/128.jpg
56,Leanna96,https://s3.amazonaws.com/uifaces/faces/twitter/depaulawagner/128.jpg
57,Tamia23,https://s3.amazonaws.com/uifaces/faces/twitter/vaughanmoffitt/128.jpg
58,Milford6,https://s3.amazonaws.com/uifaces/faces/twitter/jonathansimmons/128.jpg
59,Breana_Hand32,https://s3.amazonaws.com/uifaces/faces/twitter/roybarberuk/128.jpg
60,Norbert_Roberts52,https://s3.amazonaws.com/uifaces/faces/twitter/pifagor/128.jpg
61,Cierra_Goldner,https://s3.amazonaws.com/uifaces/faces/twitter/okandungel/128.jpg
62,Gage87,https://s3.amazonaws.com/uifaces/faces/twitter/fronx/128.jpg
63,Ariane60,https://s3.amazonaws.com/uifaces/faces/twitter/vanchesz/128.jpg
64,Kenny_Bernier90,https://s3.amazonaws.com/uifaces/faces/twitter/carlfairclough/128.jpg
65,Omari.Rempel50,https://s3.amazonaws.com/uifaces/faces/twitter/dingyi/128.jpg
66,Lelah.Windler,https://s3.amazonaws.com/uifaces/faces/twitter/dmitriychuta/128.jpg
67,Armani_Fahey,https://s3.amazonaws.com/uifaces/faces/twitter/jeremery/128.jpg
68,Stefanie_Kuhic,https://s3.amazonaws.com/uifaces/faces/twitter/justme_timothyg/128.jpg
69,Leanna_Kilback29,https://s3.amazonaws.com/uifaces/faces/twitter/linkibol/128.jpg
70,Bert.Strosin23,https://s3.amazonaws.com/uifaces/faces/twitter/matthewkay_/128.jpg
71,Demario.Conroy,https://s3.amazonaws.com/uifaces/faces/twitter/thaisselenator_/128.jpg
72,Eleazar.Will,https://s3.amazonaws.com/uifaces/faces/twitter/spacewood_/128.jpg
73,Mavis91,https://s3.amazonaws.com/uifaces/faces/twitter/kurtinc/128.jpg
74,Ines.Wiegand59,https://s3.amazonaws.com/uifaces/faces/twitter/iduuck/128.jpg
75,Nat.Stoltenberg,https://s3.amazonaws.com/uifaces/faces/twitter/yehudab/128.jpg
76,Yvette_Anderson,https://s3.amazonaws.com/uifaces/faces/twitter/alxleroydeval/128.jpg
77,Justina70,https://s3.amazonaws.com/uifaces/faces/twitter/psdesignuk/128.jpg
78,Ebba_Yundt,https://s3.amazonaws.com/uifaces/faces/twitter/incubo82/128.jpg
79,Retha_Turner,https://s3.amazonaws.com/uifaces/faces/twitter/phillapier/128.jpg
80,Aiyana85,https://s3.amazonaws.com/uifaces/faces/twitter/joshmedeski/128.jpg
81,Shyanne_Ratke,https://s3.amazonaws.com/uifaces/faces/twitter/keryilmaz/128.jpg
82,Kaitlyn_Rutherford16,https://s3.amazonaws.com/uifaces/faces/twitter/akmur/128.jpg
83,Jaiden73,https://s3.amazonaws.com/uifaces/faces/twitter/elenadissi/128.jpg
84,Zachariah_Ward18,https://s3.amazonaws.com/uifaces/faces/twitter/lososina/128.jpg
85,Oscar.Kreiger,https://s3.amazonaws.com/uifaces/faces/twitter/tomaslau/128.jpg
86,Iliana.Dickinson,https://s3.amazonaws.com/uifaces/faces/twitter/jffgrdnr/128.jpg
87,Jack15,https://s3.amazonaws.com/uifaces/faces/twitter/klimmka/128.jpg
88,Sallie43,https://s3.amazonaws.com/uifaces/faces/twitter/thibaut_re/128.jpg
89,Ena_Pfannerstill59,https://s3.amazonaws.com/uifaces/faces/twitter/saulihirvi/128.jpg
90,Melvin_Hintz,https://s3.amazonaws.com/uifaces/faces/twitter/francis_vega/128.jpg
91,Charlie_Shields63,https://s3.amazonaws.com/uifaces/faces/twitter/n1ght_coder/128.jpg
92,Branson63,https://s3.amazonaws.com/uifaces/faces/twitter/the_winslet/128.jpg
93,Sabryna25,https://s3.amazonaws.com/uifaces/faces/twitter/iamsteffen/128.jpg
94,Lavonne.Bahringer79,https://s3.amazonaws.com/uifaces/faces/twitter/rtgibbons/128.jpg
95,Reva.Hane42,https://s3.amazonaws.com/uifaces/faces/twitter/we_social/128.jpg
96,Lisandro77,https://s3.amazonaws.com/uifaces/faces/twitter/oscarowusu/128.jpg
97,Sandrine_Bechtelar92,https://s3.amazonaws.com/uifaces/faces/twitter/kaelifa/128.jpg
98,Melyssa.Williamson,https://s3.amazonaws.com/uifaces/faces/twitter/lmjabreu/128.jpg
99,Selena.Greenholt,https://s3.amazonaws.com/uifaces/faces/twitter/danpliego/128.jpg
100,Francis83,https://s3.amazonaws.com/uifaces/faces/twitter/omnizya/128.jpg
101,Dawn71,https://s3.amazonaws.com/uifaces/faces/twitter/leehambley/128.jpg
102,Jayne.Gerhold,https://s3.amazonaws.com/uifaces/faces/twitter/_yardenoon/128.jpg
103,Theodore_Balistreri,https://s3.amazonaws.com/uifaces/faces/twitter/bergmartin/128.jpg
104,Autumn7,https://s3.amazonaws.com/uifaces/faces/twitter/jeremyshimko/128.jpg
105,Mathias_Yost,https://s3.amazonaws.com/uifaces/faces/twitter/gusoto/128.jpg
106,Ladarius_Bergstrom,https://s3.amazonaws.com/uifaces/faces/twitter/stefooo/128.jpg
107,Brayan_Osinski,https://s3.amazonaws.com/uifaces/faces/twitter/mikemai2awesome/128.jpg
108,Cody.Stracke,https://s3.amazonaws.com/uifaces/faces/twitter/kohette/128.jpg
109,Charles.Botsford,https://s3.amazonaws.com/uifaces/faces/twitter/rikas/128.jpg
110,Lonzo_Romaguera,https://s3.amazonaws.com/uifaces/faces/twitter/joelcipriano/128.jpg
111,Sheridan46,https://s3.amazonaws.com/uifaces/faces/twitter/leehambley/128.jpg
112,Xavier_Donnelly26,https://s3.amazonaws.com/uifaces/faces/twitter/pehamondello/128.jpg
113,Stephanie32,https://s3.amazonaws.com/uifaces/faces/twitter/stefooo/128.jpg
114,Clementine.Koss56,https://s3.amazonaws.com/uifaces/faces/twitter/tweetubhai/128.jpg
115,Ismael8,https://s3.amazonaws.com/uifaces/faces/twitter/safrankov/128.jpg
116,Abner_Botsford79,https://s3.amazonaws.com/uifaces/faces/twitter/kaysix_dizzy/128.jpg
117,Barney94,https://s3.amazonaws.com/uifaces/faces/twitter/isacosta/128.jpg
118,Viviane96,https://s3.amazonaws.com/uifaces/faces/twitter/popey/128.jpg
119,Lenore84,https://s3.amazonaws.com/uifaces/faces/twitter/linux29/128.jpg
120,Sally.Collins8,https://s3.amazonaws.com/uifaces/faces/twitter/davidsasda/128.jpg
121,Louie71,https://s3.amazonaws.com/uifaces/faces/twitter/praveen_vijaya/128.jpg
122,Judson.Gislason81,https://s3.amazonaws.com/uifaces/faces/twitter/reideiredale/128.jpg
123,Jamaal.Bogisich68,https://s3.amazonaws.com/uifaces/faces/twitter/msveet/128.jpg
124,Antonetta_Harber73,https://s3.amazonaws.com/uifaces/faces/twitter/danvernon/128.jpg
125,Eric55,https://s3.amazonaws.com/uifaces/faces/twitter/thinkleft/128.jpg
126,Bulah88,https://s3.amazonaws.com/uifaces/faces/twitter/jjsiii/128.jpg
127,Porter14,https://s3.amazonaws.com/uifaces/faces/twitter/byryan/128.jpg
128,Lance.Schmeler45,https://s3.amazonaws.com/uifaces/faces/twitter/yayteejay/128.jpg
129,Leonor_Grimes,https://s3.amazonaws.com/uifaces/faces/twitter/commadelimited/128.jpg
130,Ramiro98,https://s3.amazonaws.com/uifaces/faces/twitter/jghyllebert/128.jpg
131,Zachery_Fadel,https://s3.amazonaws.com/uifaces/faces/twitter/ryuchi311/128.jpg
132,Reymundo.Parker,https://s3.amazonaws.com/uifaces/faces/twitter/eddiechen/128.jpg
133,Kelton_Schmidt,https://s3.amazonaws.com/uifaces/faces/twitter/bruno_mart/128.jpg
134,Riley_Lakin,https://s3.amazonaws.com/uifaces/faces/twitter/yayteejay/128.jpg
135,Lavinia.Hills,https://s3.amazonaws.com/uifaces/faces/twitter/incubo82/128.jpg
136,Sandrine.McDermott78,https://s3.amazonaws.com/uifaces/faces/twitter/shaneIxD/128.jpg
137,Jamil.Runte60,https://s3.amazonaws.com/uifaces/faces/twitter/suribbles/128.jpg
138,Kyler_Cole86,https://s3.amazonaws.com/uifaces/faces/twitter/cofla/128.jpg
139,Carrie.Daugherty48,https://s3.amazonaws.com/uifaces/faces/twitter/chris_witko/128.jpg
140,Fabian_Bartell75,https://s3.amazonaws.com/uifaces/faces/twitter/xtopherpaul/128.jpg
141,Flavie.Rohan,https://s3.amazonaws.com/uifaces/faces/twitter/antjanus/128.jpg
142,Bridgette.Schoen7,https://s3.amazonaws.com/uifaces/faces/twitter/geshan/128.jpg
143,Angelo64,https://s3.amazonaws.com/uifaces/faces/twitter/salvafc/128.jpg
144,Elyssa_Brown,https://s3.amazonaws.com/uifaces/faces/twitter/stushona/128.jpg
145,Ike69,https://s3.amazonaws.com/uifaces/faces/twitter/S0ufi4n3/128.jpg
146,Alexandro.Smitham88,https://s3.amazonaws.com/uifaces/faces/twitter/gearpixels/128.jpg
147,Arden36,https://s3.amazonaws.com/uifaces/faces/twitter/ooomz/128.jpg
148,Marcia.Willms51,https://s3.amazonaws.com/uifaces/faces/twitter/iduuck/128.jpg
149,Antwan80,https://s3.amazonaws.com/uifaces/faces/twitter/maikelk/128.jpg
150,Neva.Prohaska,https://s3.amazonaws.com/uifaces/faces/twitter/artvavs/128.jpg
151,Ayana44,https://s3.amazonaws.com/uifaces/faces/twitter/adamnac/128.jpg
152,Shaina25,https://s3.amazonaws.com/uifaces/faces/twitter/timmillwood/128.jpg
153,Bruce76,https://s3.amazonaws.com/uifaces/faces/twitter/jghyllebert/128.jpg
154,Daryl.Armstrong,https://s3.amazonaws.com/uifaces/faces/twitter/91bilal/128.jpg
155,Simone.Block,https://s3.amazonaws.com/uifaces/faces/twitter/dorphern/128.jpg
156,Melissa.Kautzer45,https://s3.amazonaws.com/uifaces/faces/twitter/IsaryAmairani/128.jpg
157,Lavada.OHara,https://s3.amazonaws.com/uifaces/faces/twitter/linux29/128.jpg
158,Lavina_Mosciski15,https://s3.amazonaws.com/uifaces/faces/twitter/adammarsbar/128.jpg
159,Durward.VonRueden50,https://s3.amazonaws.com/uifaces/faces/twitter/joaoedumedeiros/128.jpg
160,Janice57,https://s3.amazonaws.com/uifaces/faces/twitter/jimmuirhead/128.jpg
161,Megane_Schimmel77,https://s3.amazonaws.com/uifaces/faces/twitter/luxe/128.jpg
162,Tatyana.Ledner94,https://s3.amazonaws.com/uifaces/faces/twitter/thatonetommy/128.jpg
163,Delphine_Mayert,https://s3.amazonaws.com/uifaces/faces/twitter/joelcipriano/128.jpg
164,Arturo.Brakus55,https://s3.amazonaws.com/uifaces/faces/twitter/charliegann/128.jpg
165,Dan_Terry27,https://s3.amazonaws.com/uifaces/faces/twitter/cocolero/128.jpg
166,Aidan_Leannon,https://s3.amazonaws.com/uifaces/faces/twitter/joelhelin/128.jpg
167,Rickey30,https://s3.amazonaws.com/uifaces/faces/twitter/beweinreich/128.jpg
168,Edna_Gleason72,https://s3.amazonaws.com/uifaces/faces/twitter/klimmka/128.jpg
169,Mathias59,https://s3.amazonaws.com/uifaces/faces/twitter/marcobarbosa/128.jpg
170,Cassandra11,https://s3.amazonaws.com/uifaces/faces/twitter/martip07/128.jpg
171,Jerome.Bartoletti,https://s3.amazonaws.com/uifaces/faces/twitter/S0ufi4n3/128.jpg
172,Shaylee24,https://s3.amazonaws.com/uifaces/faces/twitter/yalozhkin/128.jpg
173,Turner.Bartoletti46,https://s3.amazonaws.com/uifaces/faces/twitter/jmfsocial/128.jpg
174,Jeffery.Weimann,https://s3.amazonaws.com/uifaces/faces/twitter/moynihan/128.jpg
175,Johnpaul.Brekke,https://s3.amazonaws.com/uifaces/faces/twitter/madysondesigns/128.jpg
176,Giovanni13,https://s3.amazonaws.com/uifaces/faces/twitter/katiemdaly/128.jpg
177,Lilly_Johnston93,https://s3.amazonaws.com/uifaces/faces/twitter/alxleroydeval/128.jpg
178,Shyanne.Orn14,https://s3.amazonaws.com/uifaces/faces/twitter/belyaev_rs/128.jpg
179,Madison_Weimann,https://s3.amazonaws.com/uifaces/faces/twitter/yehudab/128.jpg
180,Ocie.Dietrich,https://s3.amazonaws.com/uifaces/faces/twitter/raphaelnikson/128.jpg
181,Maeve_Gibson,https://s3.amazonaws.com/uifaces/faces/twitter/atariboy/128.jpg
182,Keon3,https://s3.amazonaws.com/uifaces/faces/twitter/muridrahhal/128.jpg
183,Tony36,https://s3.amazonaws.com/uifaces/faces/twitter/dansowter/128.jpg
184,Ernestina.Durgan60,https://s3.amazonaws.com/uifaces/faces/twitter/naitanamoreno/128.jpg
185,Abdullah.Mertz97,https://s3.amazonaws.com/uifaces/faces/twitter/oscarowusu/128.jpg
186,Freddy.Hermann76,https://s3.amazonaws.com/uifaces/faces/twitter/kevinjohndayy/128.jpg
187,Ayden.Kuhn,https://s3.amazonaws.com/uifaces/faces/twitter/gregkilian/128.jpg
188,Green_Goyette,https://s3.amazonaws.com/uifaces/faces/twitter/itolmach/128.jpg
189,Dixie.Stamm93,https://s3.amazonaws.com/uifaces/faces/twitter/derekebradley/128.jpg
190,Antonina.Medhurst,https://s3.amazonaws.com/uifaces/faces/twitter/miguelkooreman/128.jpg
191,Amie23,https://s3.amazonaws.com/uifaces/faces/twitter/cicerobr/128.jpg
192,Juwan.Koch,https://s3.amazonaws.com/uifaces/faces/twitter/perfectflow/128.jpg
193,Emelia.Torphy94,https://s3.amazonaws.com/uifaces/faces/twitter/mkginfo/128.jpg
194,Scottie.Satterfield37,https://s3.amazonaws.com/uifaces/faces/twitter/pifagor/128.jpg
195,Tara_Botsford,https://s3.amazonaws.com/uifaces/faces/twitter/doronmalki/128.jpg
196,Dena3,https://s3.amazonaws.com/uifaces/faces/twitter/ademilter/128.jpg
197,Clementina73,https://s3.amazonaws.com/uifaces/faces/twitter/malykhinv/128.jpg
198,Carolanne_Jenkins72,https://s3.amazonaws.com/uifaces/faces/twitter/ludwiczakpawel/128.jpg
199,Rosendo_Schaden,https://s3.amazonaws.com/uifaces/faces/twitter/krasnoukhov/128.jpg
200,Pat.Shields,https://s3.amazonaws.com/uifaces/faces/twitter/aroon_sharma/128.jpg
201,Darius85,https://s3.amazonaws.com/uifaces/faces/twitter/raquelwilson/128.jpg
202,Kendall_Dicki,https://s3.amazonaws.com/uifaces/faces/twitter/christianoliff/128.jpg
203,Karolann48,https://s3.amazonaws.com/uifaces/faces/twitter/derienzo777/128.jpg
204,Chelsey_McDermott12,https://s3.amazonaws.com/uifaces/faces/twitter/stushona/128.jpg
205,Margot49,https://s3.amazonaws.com/uifaces/faces/twitter/olaolusoga/128.jpg
206,Cecile_Beahan73,https://s3.amazonaws.com/uifaces/faces/twitter/adobi/128.jpg
207,Winifred70,https://s3.amazonaws.com/uifaces/faces/twitter/nitinhayaran/128.jpg
208,Maeve.Jaskolski42,https://s3.amazonaws.com/uifaces/faces/twitter/charliecwaite/128.jpg
209,Kaylin_King45,https://s3.amazonaws.com/uifaces/faces/twitter/bfrohs/128.jpg
210,Marisol.Rice,https://s3.amazonaws.com/uifaces/faces/twitter/rob_thomas10/128.jpg
211,Okey.Swaniawski25,https://s3.amazonaws.com/uifaces/faces/twitter/switmer777/128.jpg
212,Dashawn89,https://s3.amazonaws.com/uifaces/faces/twitter/eugeneeweb/128.jpg
213,Alanis57,https://s3.amazonaws.com/uifaces/faces/twitter/evanshajed/128.jpg
214,Eusebio.Braun53,https://s3.amazonaws.com/uifaces/faces/twitter/derienzo777/128.jpg
215,Jaylon_Kiehn,https://s3.amazonaws.com/uifaces/faces/twitter/artem_kostenko/128.jpg
216,Chasity95,https://s3.amazonaws.com/uifaces/faces/twitter/marklamb/128.jpg
217,Jordane3,https://s3.amazonaws.com/uifaces/faces/twitter/derekebradley/128.jpg
218,Kianna.Shanahan,https://s3.amazonaws.com/uifaces/faces/twitter/mrjamesnoble/128.jpg
219,Ryley.Jacobson,https://s3.amazonaws.com/uifaces/faces/twitter/andresdjasso/128.jpg
220,Jonatan.Kutch84,https://s3.amazonaws.com/uifaces/faces/twitter/robinclediere/128.jpg
221,Tanya61,https://s3.amazonaws.com/uifaces/faces/twitter/murrayswift/128.jpg
222,Edward.Dibbert,https://s3.amazonaws.com/uifaces/faces/twitter/vijaykarthik/128.jpg
223,Michele_Quitzon6,https://s3.amazonaws.com/uifaces/faces/twitter/h1brd/128.jpg
224,River.Klocko,https://s3.amazonaws.com/uifaces/faces/twitter/cybind/128.jpg
225,Evangeline_OReilly49,https://s3.amazonaws.com/uifaces/faces/twitter/alan_zhang_/128.jpg
226,Jaida75,https://s3.amazonaws.com/uifaces/faces/twitter/silv3rgvn/128.jpg
227,Zoe_Turcotte8,https://s3.amazonaws.com/uifaces/faces/twitter/markjenkins/128.jpg
228,Addie_Carroll,https://s3.amazonaws.com/uifaces/faces/twitter/catarino/128.jpg
229,Clay_Batz,https://s3.amazonaws.com/uifaces/faces/twitter/timmillwood/128.jpg
230,Sim_Purdy42,https://s3.amazonaws.com/uifaces/faces/twitter/hermanobrother/128.jpg
231,London14,https://s3.amazonaws.com/uifaces/faces/twitter/johndezember/128.jpg
232,Bret.Raynor97,https://s3.amazonaws.com/uifaces/faces/twitter/runningskull/128.jpg
233,Sister6,https://s3.amazonaws.com/uifaces/faces/twitter/uxalex/128.jpg
234,Reuben_Gerhold,https://s3.amazonaws.com/uifaces/faces/twitter/nbirckel/128.jpg
235,Harmony_Little,https://s3.amazonaws.com/uifaces/faces/twitter/dreizle/128.jpg
236,Jarrell.Kozey,https://s3.amazonaws.com/uifaces/faces/twitter/wintopia/128.jpg
237,Kasandra.Hagenes0,https://s3.amazonaws.com/uifaces/faces/twitter/peterlandt/128.jpg
238,Maudie_Cremin,https://s3.amazonaws.com/uifaces/faces/twitter/mvdheuvel/128.jpg
239,Abagail.Crona79,https://s3.amazonaws.com/uifaces/faces/twitter/shaneIxD/128.jpg
240,Maybelle.Maggio,https://s3.amazonaws.com/uifaces/faces/twitter/pyronite/128.jpg
241,Orlo_Kovacek65,https://s3.amazonaws.com/uifaces/faces/twitter/jacobbennett/128.jpg
242,Kane.Krajcik14,https://s3.amazonaws.com/uifaces/faces/twitter/kirangopal/128.jpg
243,Ken.Schmeler62,https://s3.amazonaws.com/uifaces/faces/twitter/karolkrakowiak_/128.jpg
244,Lurline_Bogisich,https://s3.amazonaws.com/uifaces/faces/twitter/martip07/128.jpg
245,Adrienne_Glover83,https://s3.amazonaws.com/uifaces/faces/twitter/miguelkooreman/128.jpg
246,Emmet_Gislason,https://s3.amazonaws.com/uifaces/faces/twitter/perfectflow/128.jpg
247,Aurelie77,https://s3.amazonaws.com/uifaces/faces/twitter/magoo04/128.jpg
248,Dasia86,https://s3.amazonaws.com/uifaces/faces/twitter/scottiedude/128.jpg
249,Genevieve_McDermott,https://s3.amazonaws.com/uifaces/faces/twitter/heyimjuani/128.jpg
250,Floy.Kiehn,https://s3.amazonaws.com/uifaces/faces/twitter/ntfblog/128.jpg
